event_id,kickoff,as_of,asof_kind,p_yes,model,q_market,y
sports:nba:0e111fb0-ae26-46e0-a5c8-3581830320a0,2025-11-01 21:00:00+00:00,2025-10-31 21:00:00+00:00,open,0.6778846153846154,market_baseline/v1,0.6778846153846154,0
sports:nba:0e111fb0-ae26-46e0-a5c8-3581830320a0,2025-11-01 21:00:00+00:00,2025-11-01 15:00:00+00:00,day_of,0.6950893268964669,market_baseline/v1,0.6950893268964669,0
sports:nba:0e111fb0-ae26-46e0-a5c8-3581830320a0,2025-11-01 21:00:00+00:00,2025-11-01 20:00:00+00:00,1h,0.7065820777160983,market_baseline/v1,0.7065820777160983,0
sports:nba:385cfd76-7204-461c-87db-c0856e9544e8,2025-11-01 22:00:00+00:00,2025-10-31 22:00:00+00:00,open,0.35294117647058826,market_baseline/v1,0.35294117647058826,0
sports:nba:385cfd76-7204-461c-87db-c0856e9544e8,2025-11-01 22:00:00+00:00,2025-11-01 16:00:00+00:00,day_of,0.36853910428631287,market_baseline/v1,0.36853910428631287,0
sports:nba:385cfd76-7204-461c-87db-c0856e9544e8,2025-11-01 22:00:00+00:00,2025-11-01 21:00:00+00:00,1h,0.37889039242219213,market_baseline/v1,0.37889039242219213,0
sports:nba:455c0c3a-6753-423d-84ea-405a7aa62add,2025-11-01 23:00:00+00:00,2025-10-31 23:00:00+00:00,open,0.2540415704387991,market_baseline/v1,0.2540415704387991,0
sports:nba:455c0c3a-6753-423d-84ea-405a7aa62add,2025-11-01 23:00:00+00:00,2025-11-01 17:00:00+00:00,day_of,0.24293299905632473,market_baseline/v1,0.24293299905632473,0
sports:nba:455c0c3a-6753-423d-84ea-405a7aa62add,2025-11-01 23:00:00+00:00,2025-11-01 22:00:00+00:00,1h,0.2355250245338567,market_baseline/v1,0.2355250245338567,0
sports:nba:9a75174c-c67e-40be-a361-fea76722e094,2025-11-01 23:00:00+00:00,2025-10-31 23:00:00+00:00,open,0.2099236641221374,market_baseline/v1,0.2099236641221374,1
sports:nba:9a75174c-c67e-40be-a361-fea76722e094,2025-11-01 23:00:00+00:00,2025-11-01 17:00:00+00:00,day_of,0.20216049524099203,market_baseline/v1,0.20216049524099203,1
sports:nba:9a75174c-c67e-40be-a361-fea76722e094,2025-11-01 23:00:00+00:00,2025-11-01 22:00:00+00:00,1h,0.19698725376593282,market_baseline/v1,0.19698725376593282,1
sports:nba:44470581-5a22-4446-80cc-22ebe112d368,2025-11-02 00:00:00+00:00,2025-11-01 00:00:00+00:00,open,0.3720626631853786,market_baseline/v1,0.3720626631853786,0
sports:nba:44470581-5a22-4446-80cc-22ebe112d368,2025-11-02 00:00:00+00:00,2025-11-01 18:00:00+00:00,day_of,0.3761613216182588,market_baseline/v1,0.3761613216182588,0
sports:nba:44470581-5a22-4446-80cc-22ebe112d368,2025-11-02 00:00:00+00:00,2025-11-01 23:00:00+00:00,1h,0.37889039242219213,market_baseline/v1,0.37889039242219213,0
sports:nba:89fcc6ad-7253-4bbc-93ab-3bd9c478cfde,2025-11-02 02:00:00+00:00,2025-11-01 02:00:00+00:00,open,0.7116843702579665,market_baseline/v1,0.7116843702579665,1
sports:nba:89fcc6ad-7253-4bbc-93ab-3bd9c478cfde,2025-11-02 02:00:00+00:00,2025-11-01 20:00:00+00:00,day_of,0.7116843702579665,market_baseline/v1,0.7116843702579665,1
sports:nba:89fcc6ad-7253-4bbc-93ab-3bd9c478cfde,2025-11-02 02:00:00+00:00,2025-11-02 01:00:00+00:00,1h,0.7116843702579665,market_baseline/v1,0.7116843702579665,1
sports:nba:7a490d84-825f-43b2-9759-3a9344ceddec,2025-11-02 20:30:00+00:00,2025-11-01 20:30:00+00:00,open,0.8322802986789202,market_baseline/v1,0.8322802986789202,1
sports:nba:7a490d84-825f-43b2-9759-3a9344ceddec,2025-11-02 20:30:00+00:00,2025-11-02 14:30:00+00:00,day_of,0.8372851245475096,market_baseline/v1,0.8372851245475096,1
sports:nba:7a490d84-825f-43b2-9759-3a9344ceddec,2025-11-02 20:30:00+00:00,2025-11-02 19:30:00+00:00,1h,0.8406211687780957,market_baseline/v1,0.8406211687780957,1
sports:nba:1d864952-9763-41f8-b055-6f374fc7b40b,2025-11-02 23:00:00+00:00,2025-11-01 23:00:00+00:00,open,0.5882115462252725,market_baseline/v1,0.5882115462252725,1
sports:nba:1d864952-9763-41f8-b055-6f374fc7b40b,2025-11-02 23:00:00+00:00,2025-11-02 17:00:00+00:00,day_of,0.521934827848867,market_baseline/v1,0.521934827848867,1
sports:nba:1d864952-9763-41f8-b055-6f374fc7b40b,2025-11-02 23:00:00+00:00,2025-11-02 22:00:00+00:00,1h,0.4782608695652174,market_baseline/v1,0.4782608695652174,1
sports:nba:21799359-108f-4eaa-bef1-cb4a5fc66ef3,2025-11-02 23:00:00+00:00,2025-11-01 23:00:00+00:00,open,0.6659707724425887,market_baseline/v1,0.6659707724425887,1
sports:nba:21799359-108f-4eaa-bef1-cb4a5fc66ef3,2025-11-02 23:00:00+00:00,2025-11-02 17:00:00+00:00,day_of,0.639026099141706,market_baseline/v1,0.639026099141706,1
sports:nba:21799359-108f-4eaa-bef1-cb4a5fc66ef3,2025-11-02 23:00:00+00:00,2025-11-02 22:00:00+00:00,1h,0.6211096075778079,market_baseline/v1,0.6211096075778079,1
sports:nba:38909239-dc72-4780-8867-7f39b6d67937,2025-11-02 23:00:00+00:00,2025-11-01 23:00:00+00:00,open,0.6659707724425887,market_baseline/v1,0.6659707724425887,1
sports:nba:38909239-dc72-4780-8867-7f39b6d67937,2025-11-02 23:00:00+00:00,2025-11-02 17:00:00+00:00,day_of,0.6789751936441397,market_baseline/v1,0.6789751936441397,1
sports:nba:38909239-dc72-4780-8867-7f39b6d67937,2025-11-02 23:00:00+00:00,2025-11-02 22:00:00+00:00,1h,0.6876414667270259,market_baseline/v1,0.6876414667270259,1
sports:nba:954e7815-c098-4a3b-8f72-76180f5aebbc,2025-11-02 23:00:00+00:00,2025-11-01 23:00:00+00:00,open,0.33402922755741127,market_baseline/v1,0.33402922755741127,0
sports:nba:954e7815-c098-4a3b-8f72-76180f5aebbc,2025-11-02 23:00:00+00:00,2025-11-02 17:00:00+00:00,day_of,0.35289484048838127,market_baseline/v1,0.35289484048838127,0
sports:nba:954e7815-c098-4a3b-8f72-76180f5aebbc,2025-11-02 23:00:00+00:00,2025-11-02 22:00:00+00:00,1h,0.36546943919344677,market_baseline/v1,0.36546943919344677,0
sports:nba:49593d78-c115-44db-b807-895cc9cc32f1,2025-11-03 00:00:00+00:00,2025-11-02 00:00:00+00:00,open,0.6979865771812079,market_baseline/v1,0.6979865771812079,1
sports:nba:49593d78-c115-44db-b807-895cc9cc32f1,2025-11-03 00:00:00+00:00,2025-11-02 18:00:00+00:00,day_of,0.7085876042297001,market_baseline/v1,0.7085876042297001,1
sports:nba:49593d78-c115-44db-b807-895cc9cc32f1,2025-11-03 00:00:00+00:00,2025-11-02 23:00:00+00:00,1h,0.7156573116691285,market_baseline/v1,0.7156573116691285,1
sports:nba:b7cac151-8506-4973-b07f-8f0deec63c0c,2025-11-03 01:00:00+00:00,2025-11-02 01:00:00+00:00,open,0.3076923076923077,market_baseline/v1,0.3076923076923077,1
sports:nba:b7cac151-8506-4973-b07f-8f0deec63c0c,2025-11-03 01:00:00+00:00,2025-11-02 19:00:00+00:00,day_of,0.3234980212262431,market_baseline/v1,0.3234980212262431,1
sports:nba:b7cac151-8506-4973-b07f-8f0deec63c0c,2025-11-03 01:00:00+00:00,2025-11-03 00:00:00+00:00,1h,0.33402922755741127,market_baseline/v1,0.33402922755741127,1
sports:nba:3f12d005-6564-4f95-be00-55b034892d14,2025-11-03 02:30:00+00:00,2025-11-02 02:30:00+00:00,open,0.6345305608065531,market_baseline/v1,0.6345305608065531,1
sports:nba:3f12d005-6564-4f95-be00-55b034892d14,2025-11-03 02:30:00+00:00,2025-11-02 20:30:00+00:00,day_of,0.6420410223466251,market_baseline/v1,0.6420410223466251,1
sports:nba:3f12d005-6564-4f95-be00-55b034892d14,2025-11-03 02:30:00+00:00,2025-11-03 01:30:00+00:00,1h,0.6470588235294118,market_baseline/v1,0.6470588235294118,1
sports:nba:00df5b99-0172-480e-b485-f846b1879a69,2025-11-04 00:00:00+00:00,2025-11-03 00:00:00+00:00,open,0.23286520225663188,market_baseline/v1,0.23286520225663188,0
sports:nba:00df5b99-0172-480e-b485-f846b1879a69,2025-11-04 00:00:00+00:00,2025-11-03 18:00:00+00:00,day_of,0.22950904839267997,market_baseline/v1,0.22950904839267997,0
sports:nba:00df5b99-0172-480e-b485-f846b1879a69,2025-11-04 00:00:00+00:00,2025-11-03 23:00:00+00:00,1h,0.22727272727272724,market_baseline/v1,0.22727272727272724,0
sports:nba:4b887b94-bebf-4364-a66a-04a6ac6e1da8,2025-11-04 00:00:00+00:00,2025-11-03 00:00:00+00:00,open,0.3395311236863379,market_baseline/v1,0.3395311236863379,0
sports:nba:4b887b94-bebf-4364-a66a-04a6ac6e1da8,2025-11-04 00:00:00+00:00,2025-11-03 18:00:00+00:00,day_of,0.32907598605371147,market_baseline/v1,0.32907598605371147,0
sports:nba:4b887b94-bebf-4364-a66a-04a6ac6e1da8,2025-11-04 00:00:00+00:00,2025-11-03 23:00:00+00:00,1h,0.32211538461538464,market_baseline/v1,0.32211538461538464,0
sports:nba:62e44bb5-7d11-43a7-84ba-0e2cb0c09933,2025-11-04 00:30:00+00:00,2025-11-03 00:30:00+00:00,open,0.8246505717916137,market_baseline/v1,0.8246505717916137,1
sports:nba:62e44bb5-7d11-43a7-84ba-0e2cb0c09933,2025-11-04 00:30:00+00:00,2025-11-03 18:30:00+00:00,day_of,0.8301305904546857,market_baseline/v1,0.8301305904546857,1
sports:nba:62e44bb5-7d11-43a7-84ba-0e2cb0c09933,2025-11-04 00:30:00+00:00,2025-11-03 23:30:00+00:00,1h,0.8337825696316261,market_baseline/v1,0.8337825696316261,1
sports:nba:d30eeeb6-3c4a-4b00-a4c7-8dfeb35b184f,2025-11-04 00:30:00+00:00,2025-11-03 00:30:00+00:00,open,0.7804054054054054,market_baseline/v1,0.7804054054054054,0
sports:nba:d30eeeb6-3c4a-4b00-a4c7-8dfeb35b184f,2025-11-04 00:30:00+00:00,2025-11-03 18:30:00+00:00,day_of,0.790128724841761,market_baseline/v1,0.790128724841761,0
sports:nba:d30eeeb6-3c4a-4b00-a4c7-8dfeb35b184f,2025-11-04 00:30:00+00:00,2025-11-03 23:30:00+00:00,1h,0.7966101694915253,market_baseline/v1,0.7966101694915253,0
sports:nba:72ab36a6-a345-465d-ac90-0664ef7b016c,2025-11-04 01:00:00+00:00,2025-11-03 01:00:00+00:00,open,0.8392484342379958,market_baseline/v1,0.8392484342379958,1
sports:nba:72ab36a6-a345-465d-ac90-0664ef7b016c,2025-11-04 01:00:00+00:00,2025-11-03 19:00:00+00:00,day_of,0.8350673428972416,market_baseline/v1,0.8350673428972416,1
sports:nba:72ab36a6-a345-465d-ac90-0664ef7b016c,2025-11-04 01:00:00+00:00,2025-11-04 00:00:00+00:00,1h,0.8322802986789202,market_baseline/v1,0.8322802986789202,1
sports:nba:f269da86-d3fa-446e-a871-36a8854673f4,2025-11-04 01:00:00+00:00,2025-11-03 01:00:00+00:00,open,0.38848920863309355,market_baseline/v1,0.38848920863309355,0
sports:nba:f269da86-d3fa-446e-a871-36a8854673f4,2025-11-04 01:00:00+00:00,2025-11-03 19:00:00+00:00,day_of,0.37084317976953246,market_baseline/v1,0.37084317976953246,0
sports:nba:f269da86-d3fa-446e-a871-36a8854673f4,2025-11-04 01:00:00+00:00,2025-11-04 00:00:00+00:00,1h,0.3590992087644553,market_baseline/v1,0.3590992087644553,0
sports:nba:66d1ea9f-62e4-4cf9-9522-d5711421224c,2025-11-04 02:00:00+00:00,2025-11-03 02:00:00+00:00,open,0.8246505717916137,market_baseline/v1,0.8246505717916137,1
sports:nba:66d1ea9f-62e4-4cf9-9522-d5711421224c,2025-11-04 02:00:00+00:00,2025-11-03 20:00:00+00:00,day_of,0.8127940989444233,market_baseline/v1,0.8127940989444233,1
sports:nba:66d1ea9f-62e4-4cf9-9522-d5711421224c,2025-11-04 02:00:00+00:00,2025-11-04 01:00:00+00:00,1h,0.8048780487804877,market_baseline/v1,0.8048780487804877,1
sports:nba:b7b96bde-fba0-4715-a436-d878ae1768c0,2025-11-04 03:00:00+00:00,2025-11-03 03:00:00+00:00,open,0.5798319327731092,market_baseline/v1,0.5798319327731092,0
sports:nba:b7b96bde-fba0-4715-a436-d878ae1768c0,2025-11-04 03:00:00+00:00,2025-11-03 21:00:00+00:00,day_of,0.6870044858850475,market_baseline/v1,0.6870044858850475,0
sports:nba:b7b96bde-fba0-4715-a436-d878ae1768c0,2025-11-04 03:00:00+00:00,2025-11-04 02:00:00+00:00,1h,0.7584415584415585,market_baseline/v1,0.7584415584415585,0
sports:nba:c6769868-7e39-48f2-ad80-a6d4debb9bcd,2025-11-05 00:30:00+00:00,2025-11-04 00:30:00+00:00,open,0.6211096075778079,market_baseline/v1,0.6211096075778079,1
sports:nba:c6769868-7e39-48f2-ad80-a6d4debb9bcd,2025-11-05 00:30:00+00:00,2025-11-04 18:30:00+00:00,day_of,0.5715189821621962,market_baseline/v1,0.5715189821621962,1
sports:nba:c6769868-7e39-48f2-ad80-a6d4debb9bcd,2025-11-05 00:30:00+00:00,2025-11-04 23:30:00+00:00,1h,0.5386856587892521,market_baseline/v1,0.5386856587892521,1
sports:nba:f7a8af44-e32b-45dc-9c56-22d35dec9609,2025-11-05 01:00:00+00:00,2025-11-04 01:00:00+00:00,open,0.5217391304347826,market_baseline/v1,0.5217391304347826,1
sports:nba:f7a8af44-e32b-45dc-9c56-22d35dec9609,2025-11-05 01:00:00+00:00,2025-11-04 19:00:00+00:00,day_of,0.5281710079275198,market_baseline/v1,0.5281710079275198,1
sports:nba:f7a8af44-e32b-45dc-9c56-22d35dec9609,2025-11-05 01:00:00+00:00,2025-11-05 00:00:00+00:00,1h,0.5324675324675325,market_baseline/v1,0.5324675324675325,1
sports:nba:6050cc9b-faef-41e5-90dc-5db9e5f84364,2025-11-05 01:00:00+00:00,2025-11-04 01:00:00+00:00,open,0.43795620437956206,market_baseline/v1,0.43795620437956206,1
sports:nba:6050cc9b-faef-41e5-90dc-5db9e5f84364,2025-11-05 01:00:00+00:00,2025-11-04 19:00:00+00:00,day_of,0.41283083192693903,market_baseline/v1,0.41283083192693903,1
sports:nba:6050cc9b-faef-41e5-90dc-5db9e5f84364,2025-11-05 01:00:00+00:00,2025-11-05 00:00:00+00:00,1h,0.39596563317146055,market_baseline/v1,0.39596563317146055,1
sports:nba:49fa6e55-0799-4e9d-8cae-1bd052788a5b,2025-11-05 01:00:00+00:00,2025-11-04 01:00:00+00:00,open,0.5217391304347826,market_baseline/v1,0.5217391304347826,1
sports:nba:49fa6e55-0799-4e9d-8cae-1bd052788a5b,2025-11-05 01:00:00+00:00,2025-11-04 19:00:00+00:00,day_of,0.5458515283842795,market_baseline/v1,0.5458515283842795,1
sports:nba:49fa6e55-0799-4e9d-8cae-1bd052788a5b,2025-11-05 01:00:00+00:00,2025-11-05 00:00:00+00:00,1h,0.562043795620438,market_baseline/v1,0.562043795620438,1
sports:nba:a9926741-4a47-4e99-83c2-5ff1b7c67de2,2025-11-05 03:00:00+00:00,2025-11-04 03:00:00+00:00,open,0.8048780487804877,market_baseline/v1,0.8048780487804877,1
sports:nba:a9926741-4a47-4e99-83c2-5ff1b7c67de2,2025-11-05 03:00:00+00:00,2025-11-04 21:00:00+00:00,day_of,0.7931650740389524,market_baseline/v1,0.7931650740389524,1
sports:nba:a9926741-4a47-4e99-83c2-5ff1b7c67de2,2025-11-05 03:00:00+00:00,2025-11-05 02:00:00+00:00,1h,0.7853560682046138,market_baseline/v1,0.7853560682046138,1
sports:nba:ebc9be5a-d2fd-4dac-b4d8-1d58e84e41cf,2025-11-06 00:00:00+00:00,2025-11-05 00:00:00+00:00,open,0.8048780487804877,market_baseline/v1,0.8048780487804877,1
sports:nba:ebc9be5a-d2fd-4dac-b4d8-1d58e84e41cf,2025-11-06 00:00:00+00:00,2025-11-05 18:00:00+00:00,day_of,0.8048780487804877,market_baseline/v1,0.8048780487804877,1
sports:nba:ebc9be5a-d2fd-4dac-b4d8-1d58e84e41cf,2025-11-06 00:00:00+00:00,2025-11-05 23:00:00+00:00,1h,0.8048780487804877,market_baseline/v1,0.8048780487804877,1
sports:nba:ab831e92-face-4ba3-ab5c-3e94e18fc4b4,2025-11-06 00:00:00+00:00,2025-11-05 00:00:00+00:00,open,0.7780411593578278,market_baseline/v1,0.7780411593578278,1
sports:nba:ab831e92-face-4ba3-ab5c-3e94e18fc4b4,2025-11-06 00:00:00+00:00,2025-11-05 18:00:00+00:00,day_of,0.7891798855654277,market_baseline/v1,0.7891798855654277,1
sports:nba:ab831e92-face-4ba3-ab5c-3e94e18fc4b4,2025-11-06 00:00:00+00:00,2025-11-05 23:00:00+00:00,1h,0.7966101694915253,market_baseline/v1,0.7966101694915253,1
sports:nba:ba735f43-65bd-41f8-b919-6ee1983a09a2,2025-11-06 00:00:00+00:00,2025-11-05 00:00:00+00:00,open,0.6923076923076924,market_baseline/v1,0.6923076923076924,0
sports:nba:ba735f43-65bd-41f8-b919-6ee1983a09a2,2025-11-06 00:00:00+00:00,2025-11-05 18:00:00+00:00,day_of,0.6923076923076924,market_baseline/v1,0.6923076923076924,0
sports:nba:ba735f43-65bd-41f8-b919-6ee1983a09a2,2025-11-06 00:00:00+00:00,2025-11-05 23:00:00+00:00,1h,0.6923076923076924,market_baseline/v1,0.6923076923076924,0
sports:nba:d8093e2f-bdb1-4671-bdc5-1f3c90c22311,2025-11-06 00:30:00+00:00,2025-11-05 00:30:00+00:00,open,0.6547884187082406,market_baseline/v1,0.6547884187082406,1
sports:nba:d8093e2f-bdb1-4671-bdc5-1f3c90c22311,2025-11-06 00:30:00+00:00,2025-11-05 18:30:00+00:00,day_of,0.609810695253439,market_baseline/v1,0.609810695253439,1
sports:nba:d8093e2f-bdb1-4671-bdc5-1f3c90c22311,2025-11-06 00:30:00+00:00,2025-11-05 23:30:00+00:00,1h,0.5798319327731092,market_baseline/v1,0.5798319327731092,1
sports:nba:64192f0a-01e3-47cd-9d7d-0752de08f029,2025-11-06 00:30:00+00:00,2025-11-05 00:30:00+00:00,open,0.8048780487804877,market_baseline/v1,0.8048780487804877,1
sports:nba:64192f0a-01e3-47cd-9d7d-0752de08f029,2025-11-06 00:30:00+00:00,2025-11-05 18:30:00+00:00,day_of,0.8285745739920893,market_baseline/v1,0.8285745739920893,1
sports:nba:64192f0a-01e3-47cd-9d7d-0752de08f029,2025-11-06 00:30:00+00:00,2025-11-05 23:30:00+00:00,1h,0.8443579766536964,market_baseline/v1,0.8443579766536964,1
sports:nba:fb4d464d-ea7a-40fb-a5ca-4b4a7f043c29,2025-11-06 01:00:00+00:00,2025-11-05 01:00:00+00:00,open,0.26448362720403024,market_baseline/v1,0.26448362720403024,0
sports:nba:fb4d464d-ea7a-40fb-a5ca-4b4a7f043c29,2025-11-06 01:00:00+00:00,2025-11-05 19:00:00+00:00,day_of,0.27131026230437383,market_baseline/v1,0.27131026230437383,0
sports:nba:fb4d464d-ea7a-40fb-a5ca-4b4a7f043c29,2025-11-06 01:00:00+00:00,2025-11-06 00:00:00+00:00,1h,0.27586206896551724,market_baseline/v1,0.27586206896551724,0
sports:nba:350b5f28-5791-456c-a142-cc23fe6ed336,2025-11-06 01:30:00+00:00,2025-11-05 01:30:00+00:00,open,0.7241379310344829,market_baseline/v1,0.7241379310344829,0
sports:nba:350b5f28-5791-456c-a142-cc23fe6ed336,2025-11-06 01:30:00+00:00,2025-11-05 19:30:00+00:00,day_of,0.7241379310344829,market_baseline/v1,0.7241379310344829,0
sports:nba:350b5f28-5791-456c-a142-cc23fe6ed336,2025-11-06 01:30:00+00:00,2025-11-06 00:30:00+00:00,1h,0.7241379310344829,market_baseline/v1,0.7241379310344829,0
sports:nba:6f14c1dd-1f8d-45ef-9a48-9f6b15ee5f84,2025-11-06 02:00:00+00:00,2025-11-05 02:00:00+00:00,open,0.7313237221494101,market_baseline/v1,0.7313237221494101,1
sports:nba:6f14c1dd-1f8d-45ef-9a48-9f6b15ee5f84,2025-11-06 02:00:00+00:00,2025-11-05 20:00:00+00:00,day_of,0.7512274959083469,market_baseline/v1,0.7512274959083469,1
sports:nba:6f14c1dd-1f8d-45ef-9a48-9f6b15ee5f84,2025-11-06 02:00:00+00:00,2025-11-06 01:00:00+00:00,1h,0.7644749754661432,market_baseline/v1,0.7644749754661432,1
sports:nba:a9eec993-1309-4068-951f-a783aea3c7e4,2025-11-06 03:00:00+00:00,2025-11-05 03:00:00+00:00,open,0.35294117647058826,market_baseline/v1,0.35294117647058826,1
sports:nba:a9eec993-1309-4068-951f-a783aea3c7e4,2025-11-06 03:00:00+00:00,2025-11-05 21:00:00+00:00,day_of,0.378760877589053,market_baseline/v1,0.378760877589053,1
sports:nba:a9eec993-1309-4068-951f-a783aea3c7e4,2025-11-06 03:00:00+00:00,2025-11-06 02:00:00+00:00,1h,0.39596563317146055,market_baseline/v1,0.39596563317146055,1
sports:nba:044ab733-ddab-4c55-83ce-b8a614f093fe,2025-11-06 03:00:00+00:00,2025-11-05 03:00:00+00:00,open,0.562043795620438,market_baseline/v1,0.562043795620438,1
sports:nba:044ab733-ddab-4c55-83ce-b8a614f093fe,2025-11-06 03:00:00+00:00,2025-11-05 21:00:00+00:00,day_of,0.5155530339507213,market_baseline/v1,0.5155530339507213,1
sports:nba:044ab733-ddab-4c55-83ce-b8a614f093fe,2025-11-06 03:00:00+00:00,2025-11-06 02:00:00+00:00,1h,0.48481627695110846,market_baseline/v1,0.48481627695110846,1
sports:nba:fe5c990b-e772-4dd1-abea-bd869cace55a,2025-11-06 03:00:00+00:00,2025-11-05 03:00:00+00:00,open,0.5798319327731092,market_baseline/v1,0.5798319327731092,1
sports:nba:fe5c990b-e772-4dd1-abea-bd869cace55a,2025-11-06 03:00:00+00:00,2025-11-05 21:00:00+00:00,day_of,0.5634589245863683,market_baseline/v1,0.5634589245863683,1
sports:nba:fe5c990b-e772-4dd1-abea-bd869cace55a,2025-11-06 03:00:00+00:00,2025-11-06 02:00:00+00:00,1h,0.552594002855783,market_baseline/v1,0.552594002855783,1
sports:nba:33146c39-5886-4812-bbd2-6d7ab1f04648,2025-11-08 00:00:00+00:00,2025-11-07 00:00:00+00:00,open,0.14394306970726184,market_baseline/v1,0.14394306970726184,0
sports:nba:33146c39-5886-4812-bbd2-6d7ab1f04648,2025-11-08 00:00:00+00:00,2025-11-07 18:00:00+00:00,day_of,0.1432914776933637,market_baseline/v1,0.1432914776933637,0
sports:nba:33146c39-5886-4812-bbd2-6d7ab1f04648,2025-11-08 00:00:00+00:00,2025-11-07 23:00:00+00:00,1h,0.14285714285714285,market_baseline/v1,0.14285714285714285,0
sports:nba:8cbc763a-ba77-44e3-9396-989b1c8378bf,2025-11-08 00:00:00+00:00,2025-11-07 00:00:00+00:00,open,0.5962732919254659,market_baseline/v1,0.5962732919254659,1
sports:nba:8cbc763a-ba77-44e3-9396-989b1c8378bf,2025-11-08 00:00:00+00:00,2025-11-07 18:00:00+00:00,day_of,0.5962732919254659,market_baseline/v1,0.5962732919254659,1
sports:nba:8cbc763a-ba77-44e3-9396-989b1c8378bf,2025-11-08 00:00:00+00:00,2025-11-07 23:00:00+00:00,1h,0.5962732919254659,market_baseline/v1,0.5962732919254659,1
sports:nba:60bb7c59-6cb4-4100-88b6-bff408203281,2025-11-08 00:30:00+00:00,2025-11-07 00:30:00+00:00,open,0.42888402625820565,market_baseline/v1,0.42888402625820565,1
sports:nba:60bb7c59-6cb4-4100-88b6-bff408203281,2025-11-08 00:30:00+00:00,2025-11-07 18:30:00+00:00,day_of,0.4091748742969326,market_baseline/v1,0.4091748742969326,1
sports:nba:60bb7c59-6cb4-4100-88b6-bff408203281,2025-11-08 00:30:00+00:00,2025-11-07 23:30:00+00:00,1h,0.39596563317146055,market_baseline/v1,0.39596563317146055,1
sports:nba:b527b4be-0ee3-498f-b84f-36249865e97c,2025-11-08 00:30:00+00:00,2025-11-07 00:30:00+00:00,open,0.20369535826949076,market_baseline/v1,0.20369535826949076,0
sports:nba:b527b4be-0ee3-498f-b84f-36249865e97c,2025-11-08 00:30:00+00:00,2025-11-07 18:30:00+00:00,day_of,0.19854769774760825,market_baseline/v1,0.19854769774760825,0
sports:nba:b527b4be-0ee3-498f-b84f-36249865e97c,2025-11-08 00:30:00+00:00,2025-11-07 23:30:00+00:00,1h,0.19512195121951217,market_baseline/v1,0.19512195121951217,0
sports:nba:f0d6e12e-ebcd-4dbc-9982-3f94fe3461d6,2025-11-08 00:30:00+00:00,2025-11-07 00:30:00+00:00,open,0.5108342361863488,market_baseline/v1,0.5108342361863488,0
sports:nba:f0d6e12e-ebcd-4dbc-9982-3f94fe3461d6,2025-11-08 00:30:00+00:00,2025-11-07 18:30:00+00:00,day_of,0.5299382055507659,market_baseline/v1,0.5299382055507659,0
sports:nba:f0d6e12e-ebcd-4dbc-9982-3f94fe3461d6,2025-11-08 00:30:00+00:00,2025-11-07 23:30:00+00:00,1h,0.5427435387673957,market_baseline/v1,0.5427435387673957,0
sports:nba:49504337-c2ab-4d37-9ade-8b63d5912993,2025-11-08 01:00:00+00:00,2025-11-07 01:00:00+00:00,open,0.8126981786003982,market_baseline/v1,0.8126981786003982,1
sports:nba:49504337-c2ab-4d37-9ade-8b63d5912993,2025-11-08 01:00:00+00:00,2025-11-07 19:00:00+00:00,day_of,0.8198701573556506,market_baseline/v1,0.8198701573556506,1
sports:nba:49504337-c2ab-4d37-9ade-8b63d5912993,2025-11-08 01:00:00+00:00,2025-11-08 00:00:00+00:00,1h,0.8246505717916137,market_baseline/v1,0.8246505717916137,1
sports:nba:b83a510b-5cd9-469c-aa5a-320dc5b57287,2025-11-08 01:00:00+00:00,2025-11-07 01:00:00+00:00,open,0.6470588235294118,market_baseline/v1,0.6470588235294118,1
sports:nba:b83a510b-5cd9-469c-aa5a-320dc5b57287,2025-11-08 01:00:00+00:00,2025-11-07 19:00:00+00:00,day_of,0.6776677667766776,market_baseline/v1,0.6776677667766776,1
sports:nba:b83a510b-5cd9-469c-aa5a-320dc5b57287,2025-11-08 01:00:00+00:00,2025-11-08 00:00:00+00:00,1h,0.6979865771812079,market_baseline/v1,0.6979865771812079,1
sports:nba:d01f1ba5-1436-4160-9033-f97052d77df3,2025-11-08 01:00:00+00:00,2025-11-07 01:00:00+00:00,open,0.6040343668285393,market_baseline/v1,0.6040343668285393,1
sports:nba:d01f1ba5-1436-4160-9033-f97052d77df3,2025-11-08 01:00:00+00:00,2025-11-07 19:00:00+00:00,day_of,0.6142962045571617,market_baseline/v1,0.6142962045571617,1
sports:nba:d01f1ba5-1436-4160-9033-f97052d77df3,2025-11-08 01:00:00+00:00,2025-11-08 00:00:00+00:00,1h,0.6211096075778079,market_baseline/v1,0.6211096075778079,1
sports:nba:df75ac41-b9d9-4ed5-a5bd-2523b2a33333,2025-11-08 01:00:00+00:00,2025-11-07 01:00:00+00:00,open,0.6115107913669064,market_baseline/v1,0.6115107913669064,1
sports:nba:df75ac41-b9d9-4ed5-a5bd-2523b2a33333,2025-11-08 01:00:00+00:00,2025-11-07 19:00:00+00:00,day_of,0.6172820905326978,market_baseline/v1,0.6172820905326978,1
sports:nba:df75ac41-b9d9-4ed5-a5bd-2523b2a33333,2025-11-08 01:00:00+00:00,2025-11-08 00:00:00+00:00,1h,0.6211096075778079,market_baseline/v1,0.6211096075778079,1
sports:nba:d36a339f-1e3a-4132-a259-ff94e1390034,2025-11-08 03:00:00+00:00,2025-11-07 03:00:00+00:00,open,0.1930379746835443,market_baseline/v1,0.1930379746835443,0
sports:nba:d36a339f-1e3a-4132-a259-ff94e1390034,2025-11-08 03:00:00+00:00,2025-11-07 21:00:00+00:00,day_of,0.18142792258215756,market_baseline/v1,0.18142792258215756,0
sports:nba:d36a339f-1e3a-4132-a259-ff94e1390034,2025-11-08 03:00:00+00:00,2025-11-08 02:00:00+00:00,1h,0.17369727047146402,market_baseline/v1,0.17369727047146402,0
sports:nba:f90da74d-5ec2-4118-b661-61231a893993,2025-11-08 03:00:00+00:00,2025-11-07 03:00:00+00:00,open,0.7780411593578278,market_baseline/v1,0.7780411593578278,1
sports:nba:f90da74d-5ec2-4118-b661-61231a893993,2025-11-08 03:00:00+00:00,2025-11-07 21:00:00+00:00,day_of,0.7852618826713024,market_baseline/v1,0.7852618826713024,1
sports:nba:f90da74d-5ec2-4118-b661-61231a893993,2025-11-08 03:00:00+00:00,2025-11-08 02:00:00+00:00,1h,0.7900763358778626,market_baseline/v1,0.7900763358778626,1
sports:nba:4720728c-e429-4cbb-8c5f-ff7100db0d3a,2025-11-09 00:00:00+00:00,2025-11-08 00:00:00+00:00,open,0.37889039242219213,market_baseline/v1,0.37889039242219213,0
sports:nba:4720728c-e429-4cbb-8c5f-ff7100db0d3a,2025-11-09 00:00:00+00:00,2025-11-08 18:00:00+00:00,day_of,0.37479577626947663,market_baseline/v1,0.37479577626947663,0
sports:nba:4720728c-e429-4cbb-8c5f-ff7100db0d3a,2025-11-09 00:00:00+00:00,2025-11-08 23:00:00+00:00,1h,0.3720626631853786,market_baseline/v1,0.3720626631853786,0
sports:nba:bc0ebcb4-8c28-4c44-99fd-5367b381473f,2025-11-09 00:30:00+00:00,2025-11-08 00:30:00+00:00,open,0.6409007912355448,market_baseline/v1,0.6409007912355448,1
sports:nba:bc0ebcb4-8c28-4c44-99fd-5367b381473f,2025-11-09 00:30:00+00:00,2025-11-08 18:30:00+00:00,day_of,0.6409007912355448,market_baseline/v1,0.6409007912355448,1
sports:nba:bc0ebcb4-8c28-4c44-99fd-5367b381473f,2025-11-09 00:30:00+00:00,2025-11-08 23:30:00+00:00,1h,0.6409007912355448,market_baseline/v1,0.6409007912355448,1
sports:nba:0b3f1e12-529a-4deb-8c02-f6842214f257,2025-11-09 01:00:00+00:00,2025-11-08 01:00:00+00:00,open,0.7520661157024794,market_baseline/v1,0.7520661157024794,1
sports:nba:0b3f1e12-529a-4deb-8c02-f6842214f257,2025-11-09 01:00:00+00:00,2025-11-08 19:00:00+00:00,day_of,0.7483991008892347,market_baseline/v1,0.7483991008892347,1
sports:nba:0b3f1e12-529a-4deb-8c02-f6842214f257,2025-11-09 01:00:00+00:00,2025-11-09 00:00:00+00:00,1h,0.745958429561201,market_baseline/v1,0.745958429561201,1
sports:nba:3990550e-9d37-4ad1-90ce-a75b4d0ea5cb,2025-11-09 01:00:00+00:00,2025-11-08 01:00:00+00:00,open,0.40372670807453415,market_baseline/v1,0.40372670807453415,1
sports:nba:3990550e-9d37-4ad1-90ce-a75b4d0ea5cb,2025-11-09 01:00:00+00:00,2025-11-08 19:00:00+00:00,day_of,0.3587226692505371,market_baseline/v1,0.3587226692505371,1
sports:nba:3990550e-9d37-4ad1-90ce-a75b4d0ea5cb,2025-11-09 01:00:00+00:00,2025-11-09 00:00:00+00:00,1h,0.32869785082174463,market_baseline/v1,0.32869785082174463,1
sports:nba:762a9aee-6677-44fa-89e3-e577f6856cc7,2025-11-09 01:00:00+00:00,2025-11-08 01:00:00+00:00,open,0.447405997144217,market_baseline/v1,0.447405997144217,1
sports:nba:762a9aee-6677-44fa-89e3-e577f6856cc7,2025-11-09 01:00:00+00:00,2025-11-08 19:00:00+00:00,day_of,0.421274718001048,market_baseline/v1,0.421274718001048,1
sports:nba:762a9aee-6677-44fa-89e3-e577f6856cc7,2025-11-09 01:00:00+00:00,2025-11-09 00:00:00+00:00,1h,0.40372670807453415,market_baseline/v1,0.40372670807453415,1
sports:nba:c7559ab4-4a14-43d8-8da0-07b3d9386bd3,2025-11-09 01:00:00+00:00,2025-11-08 01:00:00+00:00,open,0.8337825696316261,market_baseline/v1,0.8337825696316261,1
sports:nba:c7559ab4-4a14-43d8-8da0-07b3d9386bd3,2025-11-09 01:00:00+00:00,2025-11-08 19:00:00+00:00,day_of,0.8164527462583235,market_baseline/v1,0.8164527462583235,1
sports:nba:c7559ab4-4a14-43d8-8da0-07b3d9386bd3,2025-11-09 01:00:00+00:00,2025-11-09 00:00:00+00:00,1h,0.8048780487804877,market_baseline/v1,0.8048780487804877,1
sports:nba:a11ab002-80d4-497d-acf1-172d12b2c7d9,2025-11-09 02:00:00+00:00,2025-11-08 02:00:00+00:00,open,0.8214285714285715,market_baseline/v1,0.8214285714285715,1
sports:nba:a11ab002-80d4-497d-acf1-172d12b2c7d9,2025-11-09 02:00:00+00:00,2025-11-08 20:00:00+00:00,day_of,0.7968343668733747,market_baseline/v1,0.7968343668733747,1
sports:nba:a11ab002-80d4-497d-acf1-172d12b2c7d9,2025-11-09 02:00:00+00:00,2025-11-09 01:00:00+00:00,1h,0.7804054054054054,market_baseline/v1,0.7804054054054054,1
sports:nba:ba2e1d52-3d66-4364-bbfc-93c4b7b0e2eb,2025-11-09 20:30:00+00:00,2025-11-08 20:30:00+00:00,open,0.38848920863309355,market_baseline/v1,0.38848920863309355,0
sports:nba:ba2e1d52-3d66-4364-bbfc-93c4b7b0e2eb,2025-11-09 20:30:00+00:00,2025-11-09 14:30:00+00:00,day_of,0.3929771098872686,market_baseline/v1,0.3929771098872686,0
sports:nba:ba2e1d52-3d66-4364-bbfc-93c4b7b0e2eb,2025-11-09 20:30:00+00:00,2025-11-09 19:30:00+00:00,1h,0.39596563317146055,market_baseline/v1,0.39596563317146055,0
sports:nba:1452e271-8db1-465d-a68d-de3147fb5b9d,2025-11-09 23:00:00+00:00,2025-11-08 23:00:00+00:00,open,0.19512195121951217,market_baseline/v1,0.19512195121951217,0
sports:nba:1452e271-8db1-465d-a68d-de3147fb5b9d,2025-11-09 23:00:00+00:00,2025-11-09 17:00:00+00:00,day_of,0.19512195121951217,market_baseline/v1,0.19512195121951217,0
sports:nba:1452e271-8db1-465d-a68d-de3147fb5b9d,2025-11-09 23:00:00+00:00,2025-11-09 22:00:00+00:00,1h,0.19512195121951217,market_baseline/v1,0.19512195121951217,0
sports:nba:a27ebc00-22a7-4419-be8a-608fa27ae389,2025-11-09 23:00:00+00:00,2025-11-08 23:00:00+00:00,open,0.6115107913669064,market_baseline/v1,0.6115107913669064,0
sports:nba:a27ebc00-22a7-4419-be8a-608fa27ae389,2025-11-09 23:00:00+00:00,2025-11-09 17:00:00+00:00,day_of,0.5975109475541627,market_baseline/v1,0.5975109475541627,0
sports:nba:a27ebc00-22a7-4419-be8a-608fa27ae389,2025-11-09 23:00:00+00:00,2025-11-09 22:00:00+00:00,1h,0.5882115462252725,market_baseline/v1,0.5882115462252725,0
sports:nba:d2c8be36-17a2-42cd-88ef-69e16b4f3e05,2025-11-09 23:00:00+00:00,2025-11-08 23:00:00+00:00,open,0.8832116788321168,market_baseline/v1,0.8832116788321168,1
sports:nba:d2c8be36-17a2-42cd-88ef-69e16b4f3e05,2025-11-09 23:00:00+00:00,2025-11-09 17:00:00+00:00,day_of,0.8832116788321168,market_baseline/v1,0.8832116788321168,1
sports:nba:d2c8be36-17a2-42cd-88ef-69e16b4f3e05,2025-11-09 23:00:00+00:00,2025-11-09 22:00:00+00:00,1h,0.8832116788321168,market_baseline/v1,0.8832116788321168,1
sports:nba:6060c96e-9d2a-4fea-8507-3eb5d1b6157b,2025-11-10 00:30:00+00:00,2025-11-09 00:30:00+00:00,open,0.4117884537747275,market_baseline/v1,0.4117884537747275,0
sports:nba:6060c96e-9d2a-4fea-8507-3eb5d1b6157b,2025-11-10 00:30:00+00:00,2025-11-09 18:30:00+00:00,day_of,0.39203710639278616,market_baseline/v1,0.39203710639278616,0
sports:nba:6060c96e-9d2a-4fea-8507-3eb5d1b6157b,2025-11-10 00:30:00+00:00,2025-11-09 23:30:00+00:00,1h,0.37889039242219213,market_baseline/v1,0.37889039242219213,0
sports:nba:9e84e7b6-58eb-4b18-94b1-2ab43bcb0859,2025-11-10 01:30:00+00:00,2025-11-09 01:30:00+00:00,open,0.8431720668737979,market_baseline/v1,0.8431720668737979,1
sports:nba:9e84e7b6-58eb-4b18-94b1-2ab43bcb0859,2025-11-10 01:30:00+00:00,2025-11-09 19:30:00+00:00,day_of,0.8408179044814812,market_baseline/v1,0.8408179044814812,1
sports:nba:9e84e7b6-58eb-4b18-94b1-2ab43bcb0859,2025-11-10 01:30:00+00:00,2025-11-10 00:30:00+00:00,1h,0.8392484342379958,market_baseline/v1,0.8392484342379958,1
sports:nba:b75b5f0f-aacc-49fa-8e4b-c0fc74d27220,2025-11-10 02:00:00+00:00,2025-11-09 02:00:00+00:00,open,0.3395311236863379,market_baseline/v1,0.3395311236863379,0
sports:nba:b75b5f0f-aacc-49fa-8e4b-c0fc74d27220,2025-11-10 02:00:00+00:00,2025-11-09 20:00:00+00:00,day_of,0.3590524745088286,market_baseline/v1,0.3590524745088286,0
sports:nba:b75b5f0f-aacc-49fa-8e4b-c0fc74d27220,2025-11-10 02:00:00+00:00,2025-11-10 01:00:00+00:00,1h,0.3720626631853786,market_baseline/v1,0.3720626631853786,0
sports:nba:b85f3112-b800-453e-8dfa-7a3d1468c5fa,2025-11-11 00:00:00+00:00,2025-11-10 00:00:00+00:00,open,0.85044909517278,market_baseline/v1,0.85044909517278,1
sports:nba:b85f3112-b800-453e-8dfa-7a3d1468c5fa,2025-11-11 00:00:00+00:00,2025-11-10 18:00:00+00:00,day_of,0.8266349713062731,market_baseline/v1,0.8266349713062731,1
sports:nba:b85f3112-b800-453e-8dfa-7a3d1468c5fa,2025-11-11 00:00:00+00:00,2025-11-10 23:00:00+00:00,1h,0.8107494322482967,market_baseline/v1,0.8107494322482967,1
sports:nba:67482d8f-6250-46fc-943e-6ac86015552f,2025-11-11 00:00:00+00:00,2025-11-10 00:00:00+00:00,open,0.27586206896551724,market_baseline/v1,0.27586206896551724,0
sports:nba:67482d8f-6250-46fc-943e-6ac86015552f,2025-11-11 00:00:00+00:00,2025-11-10 18:00:00+00:00,day_of,0.2627689058994324,market_baseline/v1,0.2627689058994324,0
sports:nba:67482d8f-6250-46fc-943e-6ac86015552f,2025-11-11 00:00:00+00:00,2025-11-10 23:00:00+00:00,1h,0.2540415704387991,market_baseline/v1,0.2540415704387991,0
sports:nba:57ba4f0d-7712-4176-8821-632a2b179e3b,2025-11-11 00:00:00+00:00,2025-11-10 00:00:00+00:00,open,0.552594002855783,market_baseline/v1,0.552594002855783,1
sports:nba:57ba4f0d-7712-4176-8821-632a2b179e3b,2025-11-11 00:00:00+00:00,2025-11-10 18:00:00+00:00,day_of,0.5405006135462045,market_baseline/v1,0.5405006135462045,1
sports:nba:57ba4f0d-7712-4176-8821-632a2b179e3b,2025-11-11 00:00:00+00:00,2025-11-10 23:00:00+00:00,1h,0.5324675324675325,market_baseline/v1,0.5324675324675325,1
sports:nba:c27c7b5d-fa7a-426f-b1ae-d69320455c3c,2025-11-11 00:30:00+00:00,2025-11-10 00:30:00+00:00,open,0.28831562974203334,market_baseline/v1,0.28831562974203334,1
sports:nba:c27c7b5d-fa7a-426f-b1ae-d69320455c3c,2025-11-11 00:30:00+00:00,2025-11-10 18:30:00+00:00,day_of,0.28831562974203334,market_baseline/v1,0.28831562974203334,1
sports:nba:c27c7b5d-fa7a-426f-b1ae-d69320455c3c,2025-11-11 00:30:00+00:00,2025-11-10 23:30:00+00:00,1h,0.28831562974203334,market_baseline/v1,0.28831562974203334,1
sports:nba:cf797322-6e51-4341-bebf-acb49667aefb,2025-11-11 01:00:00+00:00,2025-11-10 01:00:00+00:00,open,0.39596563317146055,market_baseline/v1,0.39596563317146055,0
sports:nba:cf797322-6e51-4341-bebf-acb49667aefb,2025-11-11 01:00:00+00:00,2025-11-10 19:00:00+00:00,day_of,0.37765567294205454,market_baseline/v1,0.37765567294205454,0
sports:nba:cf797322-6e51-4341-bebf-acb49667aefb,2025-11-11 01:00:00+00:00,2025-11-11 00:00:00+00:00,1h,0.36546943919344677,market_baseline/v1,0.36546943919344677,0
sports:nba:7e55ce5b-f6c4-4538-b95d-30d81a327cc0,2025-11-11 01:30:00+00:00,2025-11-10 01:30:00+00:00,open,0.43795620437956206,market_baseline/v1,0.43795620437956206,0
sports:nba:7e55ce5b-f6c4-4538-b95d-30d81a327cc0,2025-11-11 01:30:00+00:00,2025-11-10 19:30:00+00:00,day_of,0.41283083192693903,market_baseline/v1,0.41283083192693903,0
sports:nba:7e55ce5b-f6c4-4538-b95d-30d81a327cc0,2025-11-11 01:30:00+00:00,2025-11-11 00:30:00+00:00,1h,0.39596563317146055,market_baseline/v1,0.39596563317146055,0
sports:nba:aa99b4c5-eaf8-49a5-aae3-4e74d13b7262,2025-11-11 02:00:00+00:00,2025-11-10 02:00:00+00:00,open,0.28831562974203334,market_baseline/v1,0.28831562974203334,0
sports:nba:aa99b4c5-eaf8-49a5-aae3-4e74d13b7262,2025-11-11 02:00:00+00:00,2025-11-10 20:00:00+00:00,day_of,0.2836145074140029,market_baseline/v1,0.2836145074140029,0
sports:nba:aa99b4c5-eaf8-49a5-aae3-4e74d13b7262,2025-11-11 02:00:00+00:00,2025-11-11 01:00:00+00:00,1h,0.28047464940668826,market_baseline/v1,0.28047464940668826,0
sports:nba:3916236a-a29b-4bfc-b469-9dc949194f70,2025-11-11 02:00:00+00:00,2025-11-10 02:00:00+00:00,open,0.7116843702579665,market_baseline/v1,0.7116843702579665,1
sports:nba:3916236a-a29b-4bfc-b469-9dc949194f70,2025-11-11 02:00:00+00:00,2025-11-10 20:00:00+00:00,day_of,0.732253059817273,market_baseline/v1,0.732253059817273,1
sports:nba:3916236a-a29b-4bfc-b469-9dc949194f70,2025-11-11 02:00:00+00:00,2025-11-11 01:00:00+00:00,1h,0.745958429561201,market_baseline/v1,0.745958429561201,1
sports:nba:64340814-d195-470c-9556-352f74b10ca6,2025-11-12 00:30:00+00:00,2025-11-11 00:30:00+00:00,open,0.22727272727272724,market_baseline/v1,0.22727272727272724,0
sports:nba:64340814-d195-470c-9556-352f74b10ca6,2025-11-12 00:30:00+00:00,2025-11-11 18:30:00+00:00,day_of,0.22266643352196855,market_baseline/v1,0.22266643352196855,0
sports:nba:64340814-d195-470c-9556-352f74b10ca6,2025-11-12 00:30:00+00:00,2025-11-11 23:30:00+00:00,1h,0.21959459459459457,market_baseline/v1,0.21959459459459457,0
sports:nba:f59edb2c-6257-4a58-8808-fd2db86b49ed,2025-11-12 00:30:00+00:00,2025-11-11 00:30:00+00:00,open,0.7727272727272727,market_baseline/v1,0.7727272727272727,1
sports:nba:f59edb2c-6257-4a58-8808-fd2db86b49ed,2025-11-12 00:30:00+00:00,2025-11-11 18:30:00+00:00,day_of,0.7727272727272727,market_baseline/v1,0.7727272727272727,1
sports:nba:f59edb2c-6257-4a58-8808-fd2db86b49ed,2025-11-12 00:30:00+00:00,2025-11-11 23:30:00+00:00,1h,0.7727272727272727,market_baseline/v1,0.7727272727272727,1
sports:nba:810bf033-27fc-4a97-8b87-4c7e8d24786a,2025-11-12 01:00:00+00:00,2025-11-11 01:00:00+00:00,open,0.7241379310344829,market_baseline/v1,0.7241379310344829,1
sports:nba:810bf033-27fc-4a97-8b87-4c7e8d24786a,2025-11-12 01:00:00+00:00,2025-11-11 19:00:00+00:00,day_of,0.7349258331727991,market_baseline/v1,0.7349258331727991,1
sports:nba:810bf033-27fc-4a97-8b87-4c7e8d24786a,2025-11-12 01:00:00+00:00,2025-11-12 00:00:00+00:00,1h,0.7421289355322339,market_baseline/v1,0.7421289355322339,1
sports:nba:e2a36894-78e0-46c7-b206-a5ede9a3d80f,2025-11-12 01:00:00+00:00,2025-11-11 01:00:00+00:00,open,0.562043795620438,market_baseline/v1,0.562043795620438,1
sports:nba:e2a36894-78e0-46c7-b206-a5ede9a3d80f,2025-11-12 01:00:00+00:00,2025-11-11 19:00:00+00:00,day_of,0.5052175764889615,market_baseline/v1,0.5052175764889615,1
sports:nba:e2a36894-78e0-46c7-b206-a5ede9a3d80f,2025-11-12 01:00:00+00:00,2025-11-12 00:00:00+00:00,1h,0.4675324675324675,market_baseline/v1,0.4675324675324675,1
sports:nba:96eb70e4-4f41-4336-9b4c-11a0e7f04160,2025-11-12 02:00:00+00:00,2025-11-11 02:00:00+00:00,open,0.4782608695652174,market_baseline/v1,0.4782608695652174,1
sports:nba:96eb70e4-4f41-4336-9b4c-11a0e7f04160,2025-11-12 02:00:00+00:00,2025-11-11 20:00:00+00:00,day_of,0.4597896663673413,market_baseline/v1,0.4597896663673413,1
sports:nba:96eb70e4-4f41-4336-9b4c-11a0e7f04160,2025-11-12 02:00:00+00:00,2025-11-12 01:00:00+00:00,1h,0.447405997144217,market_baseline/v1,0.447405997144217,1
sports:nba:275c053a-4b6e-4f64-8e2b-ddf010b72f2a,2025-11-12 04:00:00+00:00,2025-11-11 04:00:00+00:00,open,0.24793388429752067,market_baseline/v1,0.24793388429752067,0
sports:nba:275c053a-4b6e-4f64-8e2b-ddf010b72f2a,2025-11-12 04:00:00+00:00,2025-11-11 22:00:00+00:00,day_of,0.260377814963408,market_baseline/v1,0.260377814963408,0
sports:nba:275c053a-4b6e-4f64-8e2b-ddf010b72f2a,2025-11-12 04:00:00+00:00,2025-11-12 03:00:00+00:00,1h,0.26867627785058973,market_baseline/v1,0.26867627785058973,0
sports:nba:2a5bd8ed-5cf3-421b-b075-bb3ca885a7c0,2025-11-13 00:00:00+00:00,2025-11-12 00:00:00+00:00,open,0.6115107913669064,market_baseline/v1,0.6115107913669064,0
sports:nba:2a5bd8ed-5cf3-421b-b075-bb3ca885a7c0,2025-11-13 00:00:00+00:00,2025-11-12 18:00:00+00:00,day_of,0.6115107913669064,market_baseline/v1,0.6115107913669064,0
sports:nba:2a5bd8ed-5cf3-421b-b075-bb3ca885a7c0,2025-11-13 00:00:00+00:00,2025-11-12 23:00:00+00:00,1h,0.6115107913669064,market_baseline/v1,0.6115107913669064,0
sports:nba:6ffc8cfe-3366-4b9a-854f-4b4edc79c8e3,2025-11-13 00:00:00+00:00,2025-11-12 00:00:00+00:00,open,0.5427435387673957,market_baseline/v1,0.5427435387673957,1
sports:nba:6ffc8cfe-3366-4b9a-854f-4b4edc79c8e3,2025-11-13 00:00:00+00:00,2025-11-12 18:00:00+00:00,day_of,0.4693861259679093,market_baseline/v1,0.4693861259679093,1
sports:nba:6ffc8cfe-3366-4b9a-854f-4b4edc79c8e3,2025-11-13 00:00:00+00:00,2025-11-12 23:00:00+00:00,1h,0.42016806722689076,market_baseline/v1,0.42016806722689076,1
sports:nba:d604dadd-a3ab-4bc8-8bfa-f12778086adc,2025-11-13 00:00:00+00:00,2025-11-12 00:00:00+00:00,open,0.3452115812917595,market_baseline/v1,0.3452115812917595,1
sports:nba:d604dadd-a3ab-4bc8-8bfa-f12778086adc,2025-11-13 00:00:00+00:00,2025-11-12 18:00:00+00:00,day_of,0.39544838108153924,market_baseline/v1,0.39544838108153924,1
sports:nba:d604dadd-a3ab-4bc8-8bfa-f12778086adc,2025-11-13 00:00:00+00:00,2025-11-12 23:00:00+00:00,1h,0.42888402625820565,market_baseline/v1,0.42888402625820565,1
sports:nba:79e9144a-d004-4250-ad24-b2cf2c3607af,2025-11-13 00:30:00+00:00,2025-11-12 00:30:00+00:00,open,0.6923076923076924,market_baseline/v1,0.6923076923076924,1
sports:nba:79e9144a-d004-4250-ad24-b2cf2c3607af,2025-11-13 00:30:00+00:00,2025-11-12 18:30:00+00:00,day_of,0.7182743251198386,market_baseline/v1,0.7182743251198386,1
sports:nba:79e9144a-d004-4250-ad24-b2cf2c3607af,2025-11-13 00:30:00+00:00,2025-11-12 23:30:00+00:00,1h,0.7355163727959698,market_baseline/v1,0.7355163727959698,1
sports:nba:e534be20-27dc-495e-bdb3-adc6d936ab0c,2025-11-13 00:30:00+00:00,2025-11-12 00:30:00+00:00,open,0.6604688763136621,market_baseline/v1,0.6604688763136621,0
sports:nba:e534be20-27dc-495e-bdb3-adc6d936ab0c,2025-11-13 00:30:00+00:00,2025-11-12 18:30:00+00:00,day_of,0.6449112267542182,market_baseline/v1,0.6449112267542182,0
sports:nba:e534be20-27dc-495e-bdb3-adc6d936ab0c,2025-11-13 00:30:00+00:00,2025-11-12 23:30:00+00:00,1h,0.6345305608065531,market_baseline/v1,0.6345305608065531,0
sports:nba:4f4576aa-922a-4d28-b9b1-bcba55718ce8,2025-11-13 01:00:00+00:00,2025-11-12 01:00:00+00:00,open,0.27586206896551724,market_baseline/v1,0.27586206896551724,0
sports:nba:4f4576aa-922a-4d28-b9b1-bcba55718ce8,2025-11-13 01:00:00+00:00,2025-11-12 19:00:00+00:00,day_of,0.25699689532933045,market_baseline/v1,0.25699689532933045,0
sports:nba:4f4576aa-922a-4d28-b9b1-bcba55718ce8,2025-11-13 01:00:00+00:00,2025-11-13 00:00:00+00:00,1h,0.2444208289054198,market_baseline/v1,0.2444208289054198,0
sports:nba:92b7341f-773f-414f-856f-f77553612ec0,2025-11-13 01:00:00+00:00,2025-11-12 01:00:00+00:00,open,0.9009900990099009,market_baseline/v1,0.9009900990099009,1
sports:nba:92b7341f-773f-414f-856f-f77553612ec0,2025-11-13 01:00:00+00:00,2025-11-12 19:00:00+00:00,day_of,0.9009900990099009,market_baseline/v1,0.9009900990099009,1
sports:nba:92b7341f-773f-414f-856f-f77553612ec0,2025-11-13 01:00:00+00:00,2025-11-13 00:00:00+00:00,1h,0.9009900990099009,market_baseline/v1,0.9009900990099009,1
sports:nba:c085479c-97c9-44c6-a991-e18b3f95a030,2025-11-13 01:00:00+00:00,2025-11-12 01:00:00+00:00,open,0.6604688763136621,market_baseline/v1,0.6604688763136621,0
sports:nba:c085479c-97c9-44c6-a991-e18b3f95a030,2025-11-13 01:00:00+00:00,2025-11-12 19:00:00+00:00,day_of,0.6266424576250843,market_baseline/v1,0.6266424576250843,0
sports:nba:c085479c-97c9-44c6-a991-e18b3f95a030,2025-11-13 01:00:00+00:00,2025-11-13 00:00:00+00:00,1h,0.6040343668285393,market_baseline/v1,0.6040343668285393,0
sports:nba:08668440-6825-442a-a5fb-489d76c1e38b,2025-11-13 01:30:00+00:00,2025-11-12 01:30:00+00:00,open,0.4891657638136511,market_baseline/v1,0.4891657638136511,0
sports:nba:08668440-6825-442a-a5fb-489d76c1e38b,2025-11-13 01:30:00+00:00,2025-11-12 19:30:00+00:00,day_of,0.4700617944492341,market_baseline/v1,0.4700617944492341,0
sports:nba:08668440-6825-442a-a5fb-489d76c1e38b,2025-11-13 01:30:00+00:00,2025-11-13 00:30:00+00:00,1h,0.4572564612326044,market_baseline/v1,0.4572564612326044,0
sports:nba:ec798269-6627-4c8c-b188-6c35c57427ed,2025-11-13 02:30:00+00:00,2025-11-12 02:30:00+00:00,open,0.7116843702579665,market_baseline/v1,0.7116843702579665,1
sports:nba:ec798269-6627-4c8c-b188-6c35c57427ed,2025-11-13 02:30:00+00:00,2025-11-12 20:30:00+00:00,day_of,0.719157559371258,market_baseline/v1,0.719157559371258,1
sports:nba:ec798269-6627-4c8c-b188-6c35c57427ed,2025-11-13 02:30:00+00:00,2025-11-13 01:30:00+00:00,1h,0.7241379310344829,market_baseline/v1,0.7241379310344829,1
sports:nba:7c54b123-467f-44a2-a0e7-26c10829297b,2025-11-13 03:00:00+00:00,2025-11-12 03:00:00+00:00,open,0.40372670807453415,market_baseline/v1,0.40372670807453415,0
sports:nba:7c54b123-467f-44a2-a0e7-26c10829297b,2025-11-13 03:00:00+00:00,2025-11-12 21:00:00+00:00,day_of,0.3888078365985828,market_baseline/v1,0.3888078365985828,0
sports:nba:7c54b123-467f-44a2-a0e7-26c10829297b,2025-11-13 03:00:00+00:00,2025-11-13 02:00:00+00:00,1h,0.37889039242219213,market_baseline/v1,0.37889039242219213,0
sports:nba:b20edf64-9fa4-4392-b294-dd9073283945,2025-11-14 00:00:00+00:00,2025-11-13 00:00:00+00:00,open,0.7116843702579665,market_baseline/v1,0.7116843702579665,0
sports:nba:b20edf64-9fa4-4392-b294-dd9073283945,2025-11-14 00:00:00+00:00,2025-11-13 18:00:00+00:00,day_of,0.7116843702579665,market_baseline/v1,0.7116843702579665,0
sports:nba:b20edf64-9fa4-4392-b294-dd9073283945,2025-11-14 00:00:00+00:00,2025-11-13 23:00:00+00:00,1h,0.7116843702579665,market_baseline/v1,0.7116843702579665,0
sports:nba:992420c6-95f7-4a84-bd9e-2b8b8f210ea4,2025-11-14 02:00:00+00:00,2025-11-13 02:00:00+00:00,open,0.4572564612326044,market_baseline/v1,0.4572564612326044,0
sports:nba:992420c6-95f7-4a84-bd9e-2b8b8f210ea4,2025-11-14 02:00:00+00:00,2025-11-13 20:00:00+00:00,day_of,0.46342668384496905,market_baseline/v1,0.46342668384496905,0
sports:nba:992420c6-95f7-4a84-bd9e-2b8b8f210ea4,2025-11-14 02:00:00+00:00,2025-11-14 01:00:00+00:00,1h,0.4675324675324675,market_baseline/v1,0.4675324675324675,0
sports:nba:98491bb9-27e4-4954-8ee0-00759e088f18,2025-11-14 02:00:00+00:00,2025-11-13 02:00:00+00:00,open,0.6279373368146214,market_baseline/v1,0.6279373368146214,1
sports:nba:98491bb9-27e4-4954-8ee0-00759e088f18,2025-11-14 02:00:00+00:00,2025-11-13 20:00:00+00:00,day_of,0.6180971158375935,market_baseline/v1,0.6180971158375935,1
sports:nba:98491bb9-27e4-4954-8ee0-00759e088f18,2025-11-14 02:00:00+00:00,2025-11-14 01:00:00+00:00,1h,0.6115107913669064,market_baseline/v1,0.6115107913669064,1
sports:nba:8587b34d-80d4-4d5f-b4b3-03972868906d,2025-11-15 00:00:00+00:00,2025-11-14 00:00:00+00:00,open,0.6659707724425887,market_baseline/v1,0.6659707724425887,1
sports:nba:8587b34d-80d4-4d5f-b4b3-03972868906d,2025-11-15 00:00:00+00:00,2025-11-14 18:00:00+00:00,day_of,0.6760953787107701,market_baseline/v1,0.6760953787107701,1
sports:nba:8587b34d-80d4-4d5f-b4b3-03972868906d,2025-11-15 00:00:00+00:00,2025-11-14 23:00:00+00:00,1h,0.6828358208955224,market_baseline/v1,0.6828358208955224,1
sports:nba:b4835318-480f-4a12-bf31-d993164dfd16,2025-11-15 00:00:00+00:00,2025-11-14 00:00:00+00:00,open,0.867109634551495,market_baseline/v1,0.867109634551495,1
sports:nba:b4835318-480f-4a12-bf31-d993164dfd16,2025-11-15 00:00:00+00:00,2025-11-14 18:00:00+00:00,day_of,0.8611316294873689,market_baseline/v1,0.8611316294873689,1
sports:nba:b4835318-480f-4a12-bf31-d993164dfd16,2025-11-15 00:00:00+00:00,2025-11-14 23:00:00+00:00,1h,0.8571428571428571,market_baseline/v1,0.8571428571428571,1
sports:nba:804d9bbd-4dee-4f6d-b0a1-03ef494e08aa,2025-11-15 00:30:00+00:00,2025-11-14 00:30:00+00:00,open,0.6659707724425887,market_baseline/v1,0.6659707724425887,1
sports:nba:804d9bbd-4dee-4f6d-b0a1-03ef494e08aa,2025-11-15 00:30:00+00:00,2025-11-14 18:30:00+00:00,day_of,0.5789949521585174,market_baseline/v1,0.5789949521585174,1
sports:nba:804d9bbd-4dee-4f6d-b0a1-03ef494e08aa,2025-11-15 00:30:00+00:00,2025-11-14 23:30:00+00:00,1h,0.5217391304347826,market_baseline/v1,0.5217391304347826,1
sports:nba:403b695c-280e-432a-925a-b0aa72704e70,2025-11-15 01:00:00+00:00,2025-11-14 01:00:00+00:00,open,0.20338983050847453,market_baseline/v1,0.20338983050847453,0
sports:nba:403b695c-280e-432a-925a-b0aa72704e70,2025-11-15 01:00:00+00:00,2025-11-14 19:00:00+00:00,day_of,0.20338983050847453,market_baseline/v1,0.20338983050847453,0
sports:nba:403b695c-280e-432a-925a-b0aa72704e70,2025-11-15 01:00:00+00:00,2025-11-15 00:00:00+00:00,1h,0.20338983050847453,market_baseline/v1,0.20338983050847453,0
sports:nba:6775fa71-b33f-46d3-9c82-af2e57bc588c,2025-11-15 01:00:00+00:00,2025-11-14 01:00:00+00:00,open,0.745958429561201,market_baseline/v1,0.745958429561201,1
sports:nba:6775fa71-b33f-46d3-9c82-af2e57bc588c,2025-11-15 01:00:00+00:00,2025-11-14 19:00:00+00:00,day_of,0.7277883532108309,market_baseline/v1,0.7277883532108309,1
sports:nba:6775fa71-b33f-46d3-9c82-af2e57bc588c,2025-11-15 01:00:00+00:00,2025-11-15 00:00:00+00:00,1h,0.7156573116691285,market_baseline/v1,0.7156573116691285,1
sports:nba:efb5ee36-89b0-422c-a307-7ce0be161b14,2025-11-15 01:00:00+00:00,2025-11-14 01:00:00+00:00,open,0.8246505717916137,market_baseline/v1,0.8246505717916137,1
sports:nba:efb5ee36-89b0-422c-a307-7ce0be161b14,2025-11-15 01:00:00+00:00,2025-11-14 19:00:00+00:00,day_of,0.8140408235398073,market_baseline/v1,0.8140408235398073,1
sports:nba:efb5ee36-89b0-422c-a307-7ce0be161b14,2025-11-15 01:00:00+00:00,2025-11-15 00:00:00+00:00,1h,0.8069620253164558,market_baseline/v1,0.8069620253164558,1
sports:nba:ff4b997b-2db1-4c67-ba99-b8e585a153d2,2025-11-15 01:00:00+00:00,2025-11-14 01:00:00+00:00,open,0.7776324395029431,market_baseline/v1,0.7776324395029431,1
sports:nba:ff4b997b-2db1-4c67-ba99-b8e585a153d2,2025-11-15 01:00:00+00:00,2025-11-14 19:00:00+00:00,day_of,0.7713314877963414,market_baseline/v1,0.7713314877963414,1
sports:nba:ff4b997b-2db1-4c67-ba99-b8e585a153d2,2025-11-15 01:00:00+00:00,2025-11-15 00:00:00+00:00,1h,0.7671347977433681,market_baseline/v1,0.7671347977433681,1
sports:nba:8d5bd846-3051-457c-8446-cc6d932bb564,2025-11-15 02:30:00+00:00,2025-11-14 02:30:00+00:00,open,0.5711159737417943,market_baseline/v1,0.5711159737417943,0
sports:nba:8d5bd846-3051-457c-8446-cc6d932bb564,2025-11-15 02:30:00+00:00,2025-11-14 20:30:00+00:00,day_of,0.5861856592057639,market_baseline/v1,0.5861856592057639,0
sports:nba:8d5bd846-3051-457c-8446-cc6d932bb564,2025-11-15 02:30:00+00:00,2025-11-15 01:30:00+00:00,1h,0.5962732919254659,market_baseline/v1,0.5962732919254659,0
sports:nba:ce415d68-bee6-42c4-b77a-5eb5d1db4945,2025-11-15 22:00:00+00:00,2025-11-14 22:00:00+00:00,open,0.7900763358778626,market_baseline/v1,0.7900763358778626,1
sports:nba:ce415d68-bee6-42c4-b77a-5eb5d1db4945,2025-11-15 22:00:00+00:00,2025-11-15 16:00:00+00:00,day_of,0.803655316484405,market_baseline/v1,0.803655316484405,1
sports:nba:ce415d68-bee6-42c4-b77a-5eb5d1db4945,2025-11-15 22:00:00+00:00,2025-11-15 21:00:00+00:00,1h,0.8126981786003982,market_baseline/v1,0.8126981786003982,1
sports:nba:a569d717-7a19-4e2f-9229-e710ca7f5721,2025-11-16 00:00:00+00:00,2025-11-15 00:00:00+00:00,open,0.3076923076923077,market_baseline/v1,0.3076923076923077,0
sports:nba:a569d717-7a19-4e2f-9229-e710ca7f5721,2025-11-16 00:00:00+00:00,2025-11-15 18:00:00+00:00,day_of,0.31337984339898883,market_baseline/v1,0.31337984339898883,0
sports:nba:a569d717-7a19-4e2f-9229-e710ca7f5721,2025-11-16 00:00:00+00:00,2025-11-15 23:00:00+00:00,1h,0.3171641791044776,market_baseline/v1,0.3171641791044776,0
sports:nba:cad749f4-33e9-4f73-917c-6c92be3e9bbe,2025-11-16 00:00:00+00:00,2025-11-15 00:00:00+00:00,open,0.10973936899862827,market_baseline/v1,0.10973936899862827,0
sports:nba:cad749f4-33e9-4f73-917c-6c92be3e9bbe,2025-11-16 00:00:00+00:00,2025-11-15 18:00:00+00:00,day_of,0.10045111976761309,market_baseline/v1,0.10045111976761309,0
sports:nba:cad749f4-33e9-4f73-917c-6c92be3e9bbe,2025-11-16 00:00:00+00:00,2025-11-15 23:00:00+00:00,1h,0.09425625920471281,market_baseline/v1,0.09425625920471281,0
sports:nba:d1d7db8c-8307-4404-99ed-8cfcbcb5ab12,2025-11-16 01:00:00+00:00,2025-11-15 01:00:00+00:00,open,0.5108342361863488,market_baseline/v1,0.5108342361863488,0
sports:nba:d1d7db8c-8307-4404-99ed-8cfcbcb5ab12,2025-11-16 01:00:00+00:00,2025-11-15 19:00:00+00:00,day_of,0.4913023546983058,market_baseline/v1,0.4913023546983058,0
sports:nba:d1d7db8c-8307-4404-99ed-8cfcbcb5ab12,2025-11-16 01:00:00+00:00,2025-11-16 00:00:00+00:00,1h,0.4782608695652174,market_baseline/v1,0.4782608695652174,0
sports:nba:dbf6d3c9-0ca4-491d-a22e-4be6bfb23f59,2025-11-16 01:00:00+00:00,2025-11-15 01:00:00+00:00,open,0.5108342361863488,market_baseline/v1,0.5108342361863488,0
sports:nba:dbf6d3c9-0ca4-491d-a22e-4be6bfb23f59,2025-11-16 01:00:00+00:00,2025-11-15 19:00:00+00:00,day_of,0.5358180517517195,market_baseline/v1,0.5358180517517195,0
sports:nba:dbf6d3c9-0ca4-491d-a22e-4be6bfb23f59,2025-11-16 01:00:00+00:00,2025-11-16 00:00:00+00:00,1h,0.552594002855783,market_baseline/v1,0.552594002855783,0
sports:nba:f2345690-2e6f-4a27-bbb2-eedc4e60e0a9,2025-11-16 21:00:00+00:00,2025-11-15 21:00:00+00:00,open,0.6923076923076924,market_baseline/v1,0.6923076923076924,1
sports:nba:f2345690-2e6f-4a27-bbb2-eedc4e60e0a9,2025-11-16 21:00:00+00:00,2025-11-16 15:00:00+00:00,day_of,0.6983344074564656,market_baseline/v1,0.6983344074564656,1
sports:nba:f2345690-2e6f-4a27-bbb2-eedc4e60e0a9,2025-11-16 21:00:00+00:00,2025-11-16 20:00:00+00:00,1h,0.7023445463812437,market_baseline/v1,0.7023445463812437,1
sports:nba:18d9827a-92b4-4483-a610-12bb3506d2cb,2025-11-16 23:00:00+00:00,2025-11-15 23:00:00+00:00,open,0.5962732919254659,market_baseline/v1,0.5962732919254659,0
sports:nba:18d9827a-92b4-4483-a610-12bb3506d2cb,2025-11-16 23:00:00+00:00,2025-11-16 17:00:00+00:00,day_of,0.581154215770573,market_baseline/v1,0.581154215770573,0
sports:nba:18d9827a-92b4-4483-a610-12bb3506d2cb,2025-11-16 23:00:00+00:00,2025-11-16 22:00:00+00:00,1h,0.5711159737417943,market_baseline/v1,0.5711159737417943,0
sports:nba:1c7e7d92-38e7-401a-8dc7-92ff4410b2ac,2025-11-17 00:00:00+00:00,2025-11-16 00:00:00+00:00,open,0.19512195121951217,market_baseline/v1,0.19512195121951217,0
sports:nba:1c7e7d92-38e7-401a-8dc7-92ff4410b2ac,2025-11-17 00:00:00+00:00,2025-11-16 18:00:00+00:00,day_of,0.19512195121951217,market_baseline/v1,0.19512195121951217,0
sports:nba:1c7e7d92-38e7-401a-8dc7-92ff4410b2ac,2025-11-17 00:00:00+00:00,2025-11-16 23:00:00+00:00,1h,0.19512195121951217,market_baseline/v1,0.19512195121951217,0
sports:nba:beed512a-7f0c-4fb6-b011-e81644d6089f,2025-11-17 00:00:00+00:00,2025-11-16 00:00:00+00:00,open,0.7388632872503841,market_baseline/v1,0.7388632872503841,1
sports:nba:beed512a-7f0c-4fb6-b011-e81644d6089f,2025-11-17 00:00:00+00:00,2025-11-16 18:00:00+00:00,day_of,0.7388632872503841,market_baseline/v1,0.7388632872503841,1
sports:nba:beed512a-7f0c-4fb6-b011-e81644d6089f,2025-11-17 00:00:00+00:00,2025-11-16 23:00:00+00:00,1h,0.7388632872503841,market_baseline/v1,0.7388632872503841,1
sports:nba:f05523b5-9fae-4117-bb7e-765fa47fcea2,2025-11-17 00:30:00+00:00,2025-11-16 00:30:00+00:00,open,0.40372670807453415,market_baseline/v1,0.40372670807453415,1
sports:nba:f05523b5-9fae-4117-bb7e-765fa47fcea2,2025-11-17 00:30:00+00:00,2025-11-16 18:30:00+00:00,day_of,0.4300104649241446,market_baseline/v1,0.4300104649241446,1
sports:nba:f05523b5-9fae-4117-bb7e-765fa47fcea2,2025-11-17 00:30:00+00:00,2025-11-16 23:30:00+00:00,1h,0.447405997144217,market_baseline/v1,0.447405997144217,1
sports:nba:238acdc2-72fa-4a49-a1df-5deff4626519,2025-11-17 01:00:00+00:00,2025-11-16 01:00:00+00:00,open,0.4782608695652174,market_baseline/v1,0.4782608695652174,0
sports:nba:238acdc2-72fa-4a49-a1df-5deff4626519,2025-11-17 01:00:00+00:00,2025-11-16 19:00:00+00:00,day_of,0.5107587768969423,market_baseline/v1,0.5107587768969423,0
sports:nba:238acdc2-72fa-4a49-a1df-5deff4626519,2025-11-17 01:00:00+00:00,2025-11-17 00:00:00+00:00,1h,0.5324675324675325,market_baseline/v1,0.5324675324675325,0
sports:nba:3bca533d-e731-4ee1-9637-4389fa90e683,2025-11-17 01:00:00+00:00,2025-11-16 01:00:00+00:00,open,0.37889039242219213,market_baseline/v1,0.37889039242219213,1
sports:nba:3bca533d-e731-4ee1-9637-4389fa90e683,2025-11-17 01:00:00+00:00,2025-11-16 19:00:00+00:00,day_of,0.37479577626947663,market_baseline/v1,0.37479577626947663,1
sports:nba:3bca533d-e731-4ee1-9637-4389fa90e683,2025-11-17 01:00:00+00:00,2025-11-17 00:00:00+00:00,1h,0.3720626631853786,market_baseline/v1,0.3720626631853786,1
sports:nba:b0efeb7a-fe45-43c6-9f56-32c3b7f04c13,2025-11-18 00:00:00+00:00,2025-11-17 00:00:00+00:00,open,0.6923076923076924,market_baseline/v1,0.6923076923076924,1
sports:nba:b0efeb7a-fe45-43c6-9f56-32c3b7f04c13,2025-11-18 00:00:00+00:00,2025-11-17 18:00:00+00:00,day_of,0.6957189479746592,market_baseline/v1,0.6957189479746592,1
sports:nba:b0efeb7a-fe45-43c6-9f56-32c3b7f04c13,2025-11-18 00:00:00+00:00,2025-11-17 23:00:00+00:00,1h,0.6979865771812079,market_baseline/v1,0.6979865771812079,1
sports:nba:1cbec5a2-480e-443d-94d5-1d5e46d5d0de,2025-11-18 00:00:00+00:00,2025-11-17 00:00:00+00:00,open,0.7520661157024794,market_baseline/v1,0.7520661157024794,1
sports:nba:1cbec5a2-480e-443d-94d5-1d5e46d5d0de,2025-11-18 00:00:00+00:00,2025-11-17 18:00:00+00:00,day_of,0.7441420049958105,market_baseline/v1,0.7441420049958105,1
sports:nba:1cbec5a2-480e-443d-94d5-1d5e46d5d0de,2025-11-18 00:00:00+00:00,2025-11-17 23:00:00+00:00,1h,0.7388632872503841,market_baseline/v1,0.7388632872503841,1
sports:nba:132e1389-613d-4ee9-bbb7-63bc8c55fa10,2025-11-18 00:30:00+00:00,2025-11-17 00:30:00+00:00,open,0.5217391304347826,market_baseline/v1,0.5217391304347826,1
sports:nba:132e1389-613d-4ee9-bbb7-63bc8c55fa10,2025-11-18 00:30:00+00:00,2025-11-17 18:30:00+00:00,day_of,0.5217391304347826,market_baseline/v1,0.5217391304347826,1
sports:nba:132e1389-613d-4ee9-bbb7-63bc8c55fa10,2025-11-18 00:30:00+00:00,2025-11-17 23:30:00+00:00,1h,0.5217391304347826,market_baseline/v1,0.5217391304347826,1
sports:nba:a9f83f54-d736-4940-9477-a16fa56da4d6,2025-11-18 00:30:00+00:00,2025-11-17 00:30:00+00:00,open,0.7388632872503841,market_baseline/v1,0.7388632872503841,1
sports:nba:a9f83f54-d736-4940-9477-a16fa56da4d6,2025-11-18 00:30:00+00:00,2025-11-17 18:30:00+00:00,day_of,0.7368544394997157,market_baseline/v1,0.7368544394997157,1
sports:nba:a9f83f54-d736-4940-9477-a16fa56da4d6,2025-11-18 00:30:00+00:00,2025-11-17 23:30:00+00:00,1h,0.7355163727959698,market_baseline/v1,0.7355163727959698,1
sports:nba:101a9b26-1a67-43e0-bd55-d0c0896e483a,2025-11-18 01:00:00+00:00,2025-11-17 01:00:00+00:00,open,0.8650302458127906,market_baseline/v1,0.8650302458127906,1
sports:nba:101a9b26-1a67-43e0-bd55-d0c0896e483a,2025-11-18 01:00:00+00:00,2025-11-17 19:00:00+00:00,day_of,0.8634025487933793,market_baseline/v1,0.8634025487933793,1
sports:nba:101a9b26-1a67-43e0-bd55-d0c0896e483a,2025-11-18 01:00:00+00:00,2025-11-18 00:00:00+00:00,1h,0.8623188405797101,market_baseline/v1,0.8623188405797101,1
sports:nba:2b5de4f3-d11e-4fe5-bc23-780dbfdbd2e2,2025-11-18 01:00:00+00:00,2025-11-17 01:00:00+00:00,open,0.09425625920471281,market_baseline/v1,0.09425625920471281,0
sports:nba:2b5de4f3-d11e-4fe5-bc23-780dbfdbd2e2,2025-11-18 01:00:00+00:00,2025-11-17 19:00:00+00:00,day_of,0.09167161861329906,market_baseline/v1,0.09167161861329906,0
sports:nba:2b5de4f3-d11e-4fe5-bc23-780dbfdbd2e2,2025-11-18 01:00:00+00:00,2025-11-18 00:00:00+00:00,1h,0.08994708994708996,market_baseline/v1,0.08994708994708996,0
sports:nba:a910808c-24f9-498b-9872-1e541216d722,2025-11-18 02:00:00+00:00,2025-11-17 02:00:00+00:00,open,0.8571428571428571,market_baseline/v1,0.8571428571428571,0
sports:nba:a910808c-24f9-498b-9872-1e541216d722,2025-11-18 02:00:00+00:00,2025-11-17 20:00:00+00:00,day_of,0.8516775536719985,market_baseline/v1,0.8516775536719985,0
sports:nba:a910808c-24f9-498b-9872-1e541216d722,2025-11-18 02:00:00+00:00,2025-11-18 01:00:00+00:00,1h,0.8480313147593829,market_baseline/v1,0.8480313147593829,0
sports:nba:afe7437c-b2c8-4475-be77-220803e8cf5e,2025-11-19 00:00:00+00:00,2025-11-18 00:00:00+00:00,open,0.42888402625820565,market_baseline/v1,0.42888402625820565,1
sports:nba:afe7437c-b2c8-4475-be77-220803e8cf5e,2025-11-19 00:00:00+00:00,2025-11-18 18:00:00+00:00,day_of,0.4343306867528544,market_baseline/v1,0.4343306867528544,1
sports:nba:afe7437c-b2c8-4475-be77-220803e8cf5e,2025-11-19 00:00:00+00:00,2025-11-18 23:00:00+00:00,1h,0.43795620437956206,market_baseline/v1,0.43795620437956206,1
sports:nba:534867d1-8ef1-4929-b32c-4f766f159017,2025-11-19 00:30:00+00:00,2025-11-18 00:30:00+00:00,open,0.17534942820838625,market_baseline/v1,0.17534942820838625,0
sports:nba:534867d1-8ef1-4929-b32c-4f766f159017,2025-11-19 00:30:00+00:00,2025-11-18 18:30:00+00:00,day_of,0.17534942820838625,market_baseline/v1,0.17534942820838625,0
sports:nba:534867d1-8ef1-4929-b32c-4f766f159017,2025-11-19 00:30:00+00:00,2025-11-18 23:30:00+00:00,1h,0.17534942820838625,market_baseline/v1,0.17534942820838625,0
sports:nba:857e052d-78ef-4c20-9f8a-5ebf7e914824,2025-11-19 00:30:00+00:00,2025-11-18 00:30:00+00:00,open,0.4675324675324675,market_baseline/v1,0.4675324675324675,0
sports:nba:857e052d-78ef-4c20-9f8a-5ebf7e914824,2025-11-19 00:30:00+00:00,2025-11-18 18:30:00+00:00,day_of,0.47397467040871677,market_baseline/v1,0.47397467040871677,0
sports:nba:857e052d-78ef-4c20-9f8a-5ebf7e914824,2025-11-19 00:30:00+00:00,2025-11-18 23:30:00+00:00,1h,0.4782608695652174,market_baseline/v1,0.4782608695652174,0
sports:nba:1ff31ac8-bd32-493f-b1db-a37cfe6a9caa,2025-11-19 01:00:00+00:00,2025-11-18 01:00:00+00:00,open,0.7065820777160983,market_baseline/v1,0.7065820777160983,1
sports:nba:1ff31ac8-bd32-493f-b1db-a37cfe6a9caa,2025-11-19 01:00:00+00:00,2025-11-18 19:00:00+00:00,day_of,0.6854261769975497,market_baseline/v1,0.6854261769975497,1
sports:nba:1ff31ac8-bd32-493f-b1db-a37cfe6a9caa,2025-11-19 01:00:00+00:00,2025-11-19 00:00:00+00:00,1h,0.6713021491782554,market_baseline/v1,0.6713021491782554,1
sports:nba:25ca6e7e-e9e4-45cb-b923-679f1ae28213,2025-11-19 03:30:00+00:00,2025-11-18 03:30:00+00:00,open,0.8322802986789202,market_baseline/v1,0.8322802986789202,1
sports:nba:25ca6e7e-e9e4-45cb-b923-679f1ae28213,2025-11-19 03:30:00+00:00,2025-11-18 21:30:00+00:00,day_of,0.8372072182670477,market_baseline/v1,0.8372072182670477,1
sports:nba:25ca6e7e-e9e4-45cb-b923-679f1ae28213,2025-11-19 03:30:00+00:00,2025-11-19 02:30:00+00:00,1h,0.8404939542063288,market_baseline/v1,0.8404939542063288,1
sports:nba:b7a539a0-ec91-406d-b70d-0325557e1f7b,2025-11-19 04:00:00+00:00,2025-11-18 04:00:00+00:00,open,0.5882115462252725,market_baseline/v1,0.5882115462252725,0
sports:nba:b7a539a0-ec91-406d-b70d-0325557e1f7b,2025-11-19 04:00:00+00:00,2025-11-18 22:00:00+00:00,day_of,0.5481429107700605,market_baseline/v1,0.5481429107700605,0
sports:nba:b7a539a0-ec91-406d-b70d-0325557e1f7b,2025-11-19 04:00:00+00:00,2025-11-19 03:00:00+00:00,1h,0.5217391304347826,market_baseline/v1,0.5217391304347826,0
sports:nba:0e9b5062-68de-4fb3-b7b6-8c9210b1f9a0,2025-11-20 00:00:00+00:00,2025-11-19 00:00:00+00:00,open,0.4572564612326044,market_baseline/v1,0.4572564612326044,1
sports:nba:0e9b5062-68de-4fb3-b7b6-8c9210b1f9a0,2025-11-20 00:00:00+00:00,2025-11-19 18:00:00+00:00,day_of,0.4572564612326044,market_baseline/v1,0.4572564612326044,1
sports:nba:0e9b5062-68de-4fb3-b7b6-8c9210b1f9a0,2025-11-20 00:00:00+00:00,2025-11-19 23:00:00+00:00,1h,0.4572564612326044,market_baseline/v1,0.4572564612326044,1
sports:nba:3237fa6c-b426-4fe8-a61c-f6eb6d3796fe,2025-11-20 00:00:00+00:00,2025-11-19 00:00:00+00:00,open,0.5108342361863488,market_baseline/v1,0.5108342361863488,0
sports:nba:3237fa6c-b426-4fe8-a61c-f6eb6d3796fe,2025-11-20 00:00:00+00:00,2025-11-19 18:00:00+00:00,day_of,0.4787574407524705,market_baseline/v1,0.4787574407524705,0
sports:nba:3237fa6c-b426-4fe8-a61c-f6eb6d3796fe,2025-11-20 00:00:00+00:00,2025-11-19 23:00:00+00:00,1h,0.4572564612326044,market_baseline/v1,0.4572564612326044,0
sports:nba:fef38115-f905-4734-96f3-3c66e6a61ac3,2025-11-20 00:00:00+00:00,2025-11-19 00:00:00+00:00,open,0.4782608695652174,market_baseline/v1,0.4782608695652174,0
sports:nba:fef38115-f905-4734-96f3-3c66e6a61ac3,2025-11-20 00:00:00+00:00,2025-11-19 18:00:00+00:00,day_of,0.46567778258986575,market_baseline/v1,0.46567778258986575,0
sports:nba:fef38115-f905-4734-96f3-3c66e6a61ac3,2025-11-20 00:00:00+00:00,2025-11-19 23:00:00+00:00,1h,0.4572564612326044,market_baseline/v1,0.4572564612326044,0
sports:nba:cb81af59-ae59-4fc8-8ee5-2d1565d3631c,2025-11-20 00:30:00+00:00,2025-11-19 00:30:00+00:00,open,0.6778846153846154,market_baseline/v1,0.6778846153846154,1
sports:nba:cb81af59-ae59-4fc8-8ee5-2d1565d3631c,2025-11-20 00:30:00+00:00,2025-11-19 18:30:00+00:00,day_of,0.7348005066497784,market_baseline/v1,0.7348005066497784,1
sports:nba:cb81af59-ae59-4fc8-8ee5-2d1565d3631c,2025-11-20 00:30:00+00:00,2025-11-19 23:30:00+00:00,1h,0.7727272727272727,market_baseline/v1,0.7727272727272727,1
sports:nba:44d88cd9-bd14-4e8e-a2ee-f3bcfe2db183,2025-11-20 01:00:00+00:00,2025-11-19 01:00:00+00:00,open,0.14285714285714285,market_baseline/v1,0.14285714285714285,0
sports:nba:44d88cd9-bd14-4e8e-a2ee-f3bcfe2db183,2025-11-20 01:00:00+00:00,2025-11-19 19:00:00+00:00,day_of,0.16738635471461097,market_baseline/v1,0.16738635471461097,0
sports:nba:44d88cd9-bd14-4e8e-a2ee-f3bcfe2db183,2025-11-20 01:00:00+00:00,2025-11-20 00:00:00+00:00,1h,0.18374558303886926,market_baseline/v1,0.18374558303886926,0
sports:nba:b979d4f9-eb0b-48fa-9ea2-827ccf35b3d4,2025-11-20 01:00:00+00:00,2025-11-19 01:00:00+00:00,open,0.907949790794979,market_baseline/v1,0.907949790794979,1
sports:nba:b979d4f9-eb0b-48fa-9ea2-827ccf35b3d4,2025-11-20 01:00:00+00:00,2025-11-19 19:00:00+00:00,day_of,0.9037719343384963,market_baseline/v1,0.9037719343384963,1
sports:nba:b979d4f9-eb0b-48fa-9ea2-827ccf35b3d4,2025-11-20 01:00:00+00:00,2025-11-20 00:00:00+00:00,1h,0.9009900990099009,market_baseline/v1,0.9009900990099009,1
sports:nba:c54c7fec-6b25-40fc-884c-49d7174dbb02,2025-11-20 01:00:00+00:00,2025-11-19 01:00:00+00:00,open,0.8898305084745762,market_baseline/v1,0.8898305084745762,1
sports:nba:c54c7fec-6b25-40fc-884c-49d7174dbb02,2025-11-20 01:00:00+00:00,2025-11-19 19:00:00+00:00,day_of,0.8965224766751484,market_baseline/v1,0.8965224766751484,1
sports:nba:c54c7fec-6b25-40fc-884c-49d7174dbb02,2025-11-20 01:00:00+00:00,2025-11-20 00:00:00+00:00,1h,0.9009900990099009,market_baseline/v1,0.9009900990099009,1
sports:nba:bfd5b4ad-2c73-43e2-b63b-ad79d291aa93,2025-11-20 02:30:00+00:00,2025-11-19 02:30:00+00:00,open,0.37889039242219213,market_baseline/v1,0.37889039242219213,0
sports:nba:bfd5b4ad-2c73-43e2-b63b-ad79d291aa93,2025-11-20 02:30:00+00:00,2025-11-19 20:30:00+00:00,day_of,0.3039558917743595,market_baseline/v1,0.3039558917743595,0
sports:nba:bfd5b4ad-2c73-43e2-b63b-ad79d291aa93,2025-11-20 02:30:00+00:00,2025-11-20 01:30:00+00:00,1h,0.2540415704387991,market_baseline/v1,0.2540415704387991,0
sports:nba:8c854d1d-5767-4050-8f0c-5535974226f9,2025-11-20 03:00:00+00:00,2025-11-19 03:00:00+00:00,open,0.4675324675324675,market_baseline/v1,0.4675324675324675,0
sports:nba:8c854d1d-5767-4050-8f0c-5535974226f9,2025-11-20 03:00:00+00:00,2025-11-19 21:00:00+00:00,day_of,0.4342148370141305,market_baseline/v1,0.4342148370141305,0
sports:nba:8c854d1d-5767-4050-8f0c-5535974226f9,2025-11-20 03:00:00+00:00,2025-11-20 02:00:00+00:00,1h,0.4117884537747275,market_baseline/v1,0.4117884537747275,0
sports:nba:f4d74c36-d70d-4c45-868c-0d15968e039d,2025-11-21 01:00:00+00:00,2025-11-20 01:00:00+00:00,open,0.5711159737417943,market_baseline/v1,0.5711159737417943,1
sports:nba:f4d74c36-d70d-4c45-868c-0d15968e039d,2025-11-21 01:00:00+00:00,2025-11-20 19:00:00+00:00,day_of,0.5763425215294785,market_baseline/v1,0.5763425215294785,1
sports:nba:f4d74c36-d70d-4c45-868c-0d15968e039d,2025-11-21 01:00:00+00:00,2025-11-21 00:00:00+00:00,1h,0.5798319327731092,market_baseline/v1,0.5798319327731092,1
sports:nba:324d72a6-c0d0-4270-b547-6df98705cf1e,2025-11-21 01:00:00+00:00,2025-11-20 01:00:00+00:00,open,0.5108342361863488,market_baseline/v1,0.5108342361863488,1
sports:nba:324d72a6-c0d0-4270-b547-6df98705cf1e,2025-11-21 01:00:00+00:00,2025-11-20 19:00:00+00:00,day_of,0.5108342361863488,market_baseline/v1,0.5108342361863488,1
sports:nba:324d72a6-c0d0-4270-b547-6df98705cf1e,2025-11-21 01:00:00+00:00,2025-11-21 00:00:00+00:00,1h,0.5108342361863488,market_baseline/v1,0.5108342361863488,1
sports:nba:672a559c-0372-4636-a6a8-c16a07f7c3bb,2025-11-21 01:00:00+00:00,2025-11-20 01:00:00+00:00,open,0.43795620437956206,market_baseline/v1,0.43795620437956206,0
sports:nba:672a559c-0372-4636-a6a8-c16a07f7c3bb,2025-11-21 01:00:00+00:00,2025-11-20 19:00:00+00:00,day_of,0.45573933413785767,market_baseline/v1,0.45573933413785767,0
sports:nba:672a559c-0372-4636-a6a8-c16a07f7c3bb,2025-11-21 01:00:00+00:00,2025-11-21 00:00:00+00:00,1h,0.4675324675324675,market_baseline/v1,0.4675324675324675,0
